<pkmkdoc spec="1.12"><properties><title>BLAST</title><build>blast.pkg</build><organization>gov.nih.nlm.ncbi</organization><userSees ui="easy"/><min-target os="2"/><domain system="true"/></properties><distribution><versions min-spec="1.000000"/><scripts></scripts></distribution><description>The Basic Local Alignment Search Tool (BLAST) finds regions of local similarity between sequences. The program compares nucleotide or protein sequences to sequence databases and calculates the statistical significance of matches. BLAST can be used to infer functional and evolutionary relationships between sequences as well as help identify members of gene families. </description><contents><choice title="_stage" id="choice0" starts_selected="true" starts_enabled="true" starts_hidden="false"><pkgref id="gov.nih.nlm.ncbi.blast"/></choice></contents><resources bg-scale="proportional" bg-align="topleft"><locale lang="en"><resource relative="true" mod="true" type="background">large-Blue_ncbi_logo.tiff</resource><resource type="license">license.txt</resource><resource relative="true" mod="true" type="welcome">welcome.txt</resource></locale></resources><flags/><item type="file">01_stage.xml</item><mod>properties.anywhereDomain</mod><mod>properties.systemDomain</mod></pkmkdoc>
